aa, aaah, aan, abc, abc's, abcs, abd, abdel, abdo, abdomal, abdominals, abea, aber, abi, abit, able, abt, accutane, achey, acid, acidophilus, acidy, aciphex, acl, actimel, actiph, activia, acv, adderall, addisons, adh, adhd, adhesions, admin, adrianne, adulting, advair, advils, aesthetician, afab, afabs, afaik, afdeling, afrin, afterall, afterwards, aggravate, agh, ags, ahah, ahaha, ahh, ahhh, ahm, ahmadi, ahn, ahold, ahsan, aia, aimlee, air, air vomit, airbnb, airbnbs, airburp, aire, airpipe, airpods, airvom, airvomit, akinator, akst, alc, alcopops, ale, algo, algum, alieve, alka, alles, allicin, alliums, allll, alot, als, alt, ama, amab, amas, ambi, amd, amh, amitryptyline, amped, anesthetic, anderson's, anesth, anesthesia, angeles, anogenital, anorectal, antegrade, anterograde, antiemetic, antiemetics, anxiety, anyday, anyone's, anyones, aoyagi, aphantasia, app, appointment, apps, appt, appts, aprox, apts, area, arfid, argh, arse, arviso, asd, asheville, ashli, askdocs, aslong, asmr, asperger's, assed, aswell, ativan, atl, atleast, atm, att, aty, auch, aucun, aud, auth, avec, avez, avg, aviva, avm, avoidant, avoir, aw, awh, aww, axa, az, baby, backstory, backwashes, bad, balle, bam, bariatric, barista, barret's, barrets, barretts, bas, basmati, bastian, bastian's, bastians, baycare, bbc, bbq, bby, bc, bcbs, bcs, bcz, bday, bec, bei, belchers, belchy, bentyl, benzo, benzos, ber, bergeron, bestfriend, bestie, bevs, bf, bien, bifed, biggy, bij, bijdrage, bikhazi, biletan, biller, bingcang, bio, biochem, biomechanically, biomes, bipap, birthdate, bismal, bismol, bitty, blackhealth, blackheath, blech, blegh, bleh, blingen, bloated, bloatedness, bloatening, bloaties, bloatiness, bloating, bloatless, bloaty, bloodwork, bluecross, bm, bmi, bms, boba, bobas, bodys, bodyshot, boeren, bolingbrook, bonjour, bot, botox, botox'd, botox's, botoxed, botoxers, botoxing, botulinum, bouldering, bp, bpd, bph, bpm, bpp, bppv, brabois, braindead, brainer, brainstem, bralette, bralettes, brb, brd, bready, breanne, breathwork, breezers, brekkie, brekky, brightside, bro, broncoscopy, broomfield, bruh, bruxism, bs, bscs, bsw, btdt, btw, btx, bublr, bubly, bulimia, bupa, burb, burp, burpable, burpage, burpday, burpee, burpees, burper, burper's, burpful, burpies, burping, burpless, burps, burpy, buspar, butthole, bvi, bvi's, c'est, calpol, carb, carbonated, carbs, cardio, carrol, caso, catsos, cbd, cbg, cc, cc's, ccg, ccs, cecostomy, cela, celiac's, celiacs, cette, chakra, changing, charit, charite, chatgpt, cheadle, chest, chewables, chia, chiari, children's, childrens, childs, chiro, choke, choking, choo, chs, cigna, cigs, cking, clinic, clinique, coli, combien, comfortability, comme, commenters, comorbid, comorbidity, concerta, congenital, constant, conta, contents, convos, copays, copd, cosentino, could've, couldn't, covid, cp, cpap, cpd, cpders, cpm, cpr, cpt, crampy, cran, cric, crico, cricoid, cricoids, cricopharangeal, cricopharyngeal, cricopharyngeus, crohn, crohn's, crohns, croix, crossfit, crunches, cuando, cured, curp, cus, cuz, cvs, d'inject, d'unit, da, dae, dans, das, dass, dat, daya, dbr, dd, deadlift, deadlifting, deadlifts, debry, def, deflatine, deflatline, defo, delt, dept, der, des, desde, det, deux, dexilant, deze, dfw, dgl, diag, diary, dico, dicos, dieing, diff, diy, dm'd, dmed, dms, dmv, doesn't, doi, donc, dosage, dose, downvote, downvoting, dr's, drinks, drs, dunkin, dus, dx, dysbiosis, dyspnoea, dysport, dystonia, ecg, ecgs, echography, ecig, ecstasy, ect, eds, edu, eeee, een, eerste, effects, egd, eigen, eine, ekg, ekgs, elavil, elin, eller, elon, else's, elses, embarrassment, emet, emetephobe, emetephobes, emetephobic, emetophobe, emetophobes, emetophobia, emetophobic, emetophobics, emetrol, emets, emg, emphasize, emt, endo, endoscopies, eno, ent, ENT, ent's, ents, ENTs, enzimatico, eoe, eosinophilic, epigastric, epworth, erm, ers, eructar, eso, esomeprazole, esophagram, esophogram, esp, espa, esque, est, esto, estoy, etc, everyone's, everyones, everytime, ew, excavatum, excess, exercise, exercises, eze, faire, fairlife, fais, fait, fam, Famotidine, fanta, faq, faqs, farter, farty, fb, fda, feeling, fentanyl, ffs, fianc, fiance, fibre, fibrosis, fil, financials, fizzies, fizzy, fkn, flappy, flatulences, flonase, flowy, fml, fodmap, fodmaps, folate, folic, forceful, fricking, frother, fumerate, fwiw, fyi, gaat, gag, gah, galati, gard, gargling, gas-x, gaslighted, gaslighting, gass, gassy, gastro, gastroenterologists, gastros, gastroscopies, gastroscopy, gasx, gatekeep, gatekeeping, Gaviscon, gaz, geen, gehad, gene, geneid, gente, getting, gewoon, gf, gif, gillett, gingerale, gis, gleeks, glug, glurps, glutes, glutition, glycinate, going, gon, googled, googling, gord, GP, gps, gracias, gravol, greensmoke, gro, grupo, gta, gua, gummies, gurgle, gurgler, gurglers, gurgles, gurgley, gurglez, gurgling, gurglings, gurgly, gurgs, gurp, gurps, gut, gw, gwu, gwuh, gyno, haha, hahah, hahaha, hahahah, hangry, har, haukeland, haven't, hayley, hca, hcl, headedness, headspace, health, heartrate, heave, hebt, heds, heeft, heh, hehe, hella, het, heyy, hh, hi, hiburp, hiburps, hicburp, hicc, hiccuper, hiccups, hiccupy, hicklin, hicklin's, hickling, hicklins, hickup, hida, hier, highmark, hii, hiit, hmm, hmmm, hmmmm, hmo, hmos, hoesli, hola, holdgraf, horribly, how'd, hr, hrs, hs, hsa, hu, hu's, huddinge, huel, huisarts, hurts, hurty, huuuge, hvis, hyatt, hydrohomie, hypersalivating, hypersalivation, hypertensile, hypertonia, hypo, i'm, i've, ibd, ibgard, ibs, icd, ich, ici, ick, icu, idc, idek, idk, ie, iem, ies, ifr, ig, ii, iii, iirc, ik, ikke, ikr, il, ils, im, imgur, imho, imma, imo, in-office, inbox, inen, infact, Inflammation, infront, ing, initial, inj, injection, injections, Inositol, instinctually, inte, Intolerances, intra, intro, intubate, intubated, intubates, intubating, intubation, investigational, involuntary, ipa, ipas, ipf, iqoro, irb, irl, iro, ironman, ish, issues, ist, it'll, itty, iu, iud, iv, ive, iversary, ivf, ivs, j'ai, j'esp, jaar, jamba, je, jeg, jesper, jij, jin, jk, jolie, jt, juli, jurjaan, kaiser, kaplan, karagama, karagama's, karagamas, kary, kat, keast, keer, kefir, kelowna, keratosis, keto, ketogenic, kg, kgs, kind, kit, kitkat, km, kost, kosten, kp, ktc, kuderer, kunnen, l, l'injection, l-theanine, lacroix, lactaid, lactulose, lamc, laryngologist, laryngologists, laryngology, las, lasik, lasts, layed, lb, lbs, leandro, leant, lectins, lenox, level, lieve, life, lift, lil, lingual, linx, linzess, liquidy, lithotripsy, litre, liu, ll, lmao, lmaooo, lmfao, lmk, lockdown, lockdowns, loius, lol, lololol, longshot, longterm, loogie, loool, looooong, loooot, los, lotttt, lowkey, lpr, lui, lumborum, lump, lutch, lyft, m'a, maanden, maar, macroburp, magister, mailly, mais, mal, maladie, mals, mandibular, manja, manometries, marfan, marsk, massage, mcas, mcds, mchugh, mdma, mds, med, medi, medicade, meds, meee, meeting, megathread, meh, mehin, melb, men's, mendelsohn, mensen, mental, merci, meth, methylenetetrahydrofolate, mhm, mhs, michael's, michaels, micro, microbiome, microburp, microburps, microdose, might've, mij, mijn, mins, mio, mis, miserable, miting, ml, mm, mmhg, mmm, moderna, moines, mois, monash, mondino, mori, mortensen, morzaria, motilium, mouthguard, mp, mri, mris, msg, mthfr, mucinex, mucus, mucusy, multi, musc, must've, mutualite, muy, mylanta, myofunctional, myometry, myotomy, n'ai, n'avez, naar, nach, nada, nalgene, nasalpharynx, naso, nasopharyngoscope, nasopharyngoscopy, nausea, nauseous, nauzene, naw, nbd, nbs, nc, neck, need, needle, negroni, neuro, neuropathic, neurophysiologist, neuropraxia, nexium, ng, ngl, ngt, nh, nhs, nicht, nicotinate, nicu, niet, niks, ning, nissen, nj, nl, nmes, no, no-burp, no-burper, no-burpers, noburp, noburper, noburpers, noburping, noburps, noca, noises, non, non-burpers, nonburper, nonburpers, noo, noone, nooo, noooo, norcal, normally, normies, noro, nosis, not, ns, nsaid, nsaids, nsfw, nsw, nuffield, numb, numbness, nutella, nux, ny, nyc, nye, nz, o'dell, obgyn, obrigada, obs, obv, obvi, obvs, ocd, ofc, office, og, ogs, ohh, ohhh, ohhhh, ohip, ohsu, oj, ol, olds, ole, olly, oloriz, omfg, omg, ook, ooo, oooh, oooo, oop, op, opp, org, orl, orlov, ormond, orourke, orthotropics, osu, ot, otc, other's, oto, otorrino, ou, outpatient, overthink, ozempic, pain, painful, pains, paleo, palpations, palps, paneer, panera, panini, parkside, partum, patient, patients, paulo, pavia, paywall, pc, pca, pcos, pcps, pcr, pdf, peasy, pectus, peloton, pense, pepcid, pepsid, peptalk, pepto, perma, permanent, permanente, pero, pf, pfd, pharma, pho, phoniatric, phoniatrics, php, pickleback, pierre, pilaris, pillows, pitman's, pk, plateau, playlist, pls, plz, pmc, pmed, pms, pneumologist, pnw, podcasts, poderia, ponv, pooper, popsicles, por, pornstar, porque, portillo's, poss, post, post-botox, post-op, postop, postoperative, pov, pp, ppi, ppi's, ppis, ppl, ppo, ppp, pra, pral, pre, pre-op, preauthorization, prebiotic, prebiotics, prebotox, preggo, premade, premera, preop, pressure, prevacid, prilosec, prioritize, private, prob, probiotic, probiotics, problema, problemas, probs, proc, procedure, procedures, programme, prolly, propofol, prosecco, protonix, prs, psa, psyllium, pto, pts, ptsd, pubmed, puker, pukey, Pulmonary, pushback, pvc, pvcs, q's, qc, ql, qle, qna, qs, qu, qu'il, quadratus, questions, qui, quinoa, r-cpd, r/askdocs, r/emetophobia, r/fodmaps, r/gerd, r/ibs, r/no, r/noburp, r/vocalcorddysfunction, rainn, ramping, ramq, rayed, raz, rc, rcp-d, RCPD, rcpd, rcpd's, rcpders, rdcentral, really, rec, recovery, recreationally, recs, reddit, reddit's, redditor, redditors, reddits, reder, redrum, reductase, refeeding, reflux, refluxers, reglan, regurg, regurge, regurgitated, regurgitation, regurgitations, reiki, reinjection, related, relief, rem, remindme, rennie, rennie's, rennies, repos, repost, reposted, reposting, reposts, req, retour, rheumatologist, rheumatology, rhr, ribbit, ribena, ricola, risico, rlly, rly, rna, robin, roemheld, rollercoasters, rosacea, rosen, rosow, roter, rt, rw, sa, sad, salut, sandhu, sanjay, santosh, scammy, schi, schiffer, schoeff, schulte, scishow, scrool, segway, sehr, seiza, self-cure, selfie, sep, sesh, seule, severity, sf, sha, shaha, shaker, shakey, sharma, shart, shatzki, sheeply, shitless, shitton, should've, shoutout, sick, sicky, side, sie, sifo, sil, sixpack, sj, sk, slc, slow, slp, slps, slurpy, slushie, smartass, smh, smoosh, smth, snapchat, snarky, snd, Snelleman, sobre, socal, socialize, solventi, somac, soo, sooo, soooo, sooooo, sore, soreness, soylent, spasming, specialize, spiegel, spiegel's, spl, spotify, sry, ssri, ssris, starwars, stat, sth, stickied, still, stinnett, stomach, stomachy, stoner, stressors, stressy, stroboscopy, suboxone, subreddit, subreddit's, subreddits, success, sucky, sudafed, suffit, suis, sunil, super, surgeon, surgeons, surgery, sutter, svt, swallow, swallowing, sympt, symptom, symptoms, syndrome, tagamet, tambi, tbf, tbh, tech, technique, tel, tele, telemed, televisit, telework, tenderness, teng, tengo, tense, terveystalo, texted, tf, that'd, that'll, that's, thc, theanine, themself, theoreon, theorizes, there're, theyre, this'll, thks, throat, throating, throatox, throw, throwing, throwup, thx, tiempo, tif, tight, tik, tiktok, timelines, timespan, tiny, tk, tldr, tmi, tmj, tmrw, tn, tne, to, todays, todo, todos, tok, toooo, topo, tox, tp, tr, trach, trans, transnasal, tre, treatment, tri, trialling, tricare, trifecta, tritter, troath, trt, truly's, trustable, tryna, tsh, tsp, tt, ttc, tummy, tv, tw, twix, tx, tysm, u/i, uab, uae, uber, ubers, uc, uci, ucsd, ucsf, uds, ues, uhc, uhh, uhhh, uk, ultrasonogram, umm, ummm, ummmm, un, unburp, unburpable, unburped, unburpers, unburpies, unc, uncarbonated, uncomfort, uncomfortable, uncomfy, uncontrollable, uncontrollably, und, undereating, une, unisom, units, uno, uos, up, upvote, urgh, urghhh, url, urps, usa, usb, usc, usd, usf, uti, utube, uva, uw, v'ing, vaginismus, valsalva, vape, vaped, vaper, vapes, vaping, vaporub, vaso, vbac, vc, vcd, ve, veel, velasquez, vellore, ver, verma, verma's, versa, vess, vfss, vi, vid, videofluoroscopic, videogame, vids, villari, vk, vlog, voicebox, voila, vom, vomica, vomit, vomited, vomiter, vomiters, vomiting, vomits, vommed, vomming, vomit, voms, von, voor, votre, vous, vraiment, vurp, vurps, wa, waaay, waitlist, waitlists, wapo, wasnt, wasn’t, wasserman, wayyy, wears, webinar, weblink, webmd, weeker, weeklong, weet, weirded, wel, wellbeing, wfh, wi, wifi, wildcard, wind, windeze, wingo, withrow, wks, woah, woft, women's, wonka, woohoo, wooo, woot, wpa, wretching, wtf, wth, xanax, xd, xo, xr, xray, xx, xxx, xxxx, xylitol, xyz, y'all, y'all's, y'know, yaaaay, yael, yakubu, yall, yay, yayyy, yayyyy, yeaa, yeap, yeh, yess, yesss, yet, yh, yk, yknow, ymmv, yoo, yoon, you're, youre, youtuber, yr, yrs, zantac, ze, zenker, zhao, zijn, ziylan, zo, zofran, zoolander, zu