aa meeting
aan, aans, aaning, aaned, aaner
abc, abcs, abcing, abced, abcer
abc's
abcs, abcses, abcsing, abcsed, abcser
abd, abds, abding, abded, abder
abdel, abdels, abdelling, abdelled, abdeler
abdo, abdos, abdoing, abdoed, abdoer
abdomal, abdomals, abdomalling, abdomalled, abdomaler
abdominals, abdominalses, abdominalsing, abdominalsed, abdominalser
abea, abeas, abeaing, abeaed, abeaer
aber, abers, aberring, aberred, aberer
abi, abis, abiing, abied, abier
abit, abits, abitting, abitted, abiter
abt, abts, abting, abted, abter
accutane, accutanes, accutaning, accutaned, accutaner
acidophilus, acidophiluses, acidophilussing, acidophilussed, acidophiluser
acidy, acidies, acidying, acidyed, acidyer
aciphex, aciphexes, aciphexxing, aciphexxed, aciphexer
acl, acls, acling, acled, acler
actimel, actimels, actimelling, actimelled, actimeler
actiph, actiphs, actiphing, actiphed, actipher
activia, activias, activiaing, activiaed, activiaer
acv, acvs, acving, acved, acver
adderall, adderalls, adderalling, adderalled, adderaller
addisons, addisonses, addisonsing, addisonsed, addisonser
adh, adhs, adhing, adhed, adher
adhd, adhds, adhding, adhded, adhder
admin, admins, adminning, adminned, adminer
adrianne, adriannes, adrianning, adrianned, adrianner
adulting, adultings, adultinging, adultinged, adultinger
advair, advairs, advairing, advaired, advairer
advils, advilses, advilsing, advilsed, advilser
aesthetician, aestheticians, aestheticianing, aestheticianed, aestheticianer
afab, afabs, afabbing, afabbed, afaber
afabs, afabses, afabsing, afabsed, afabser
afaik, afaiks, afaiking, afaiked, afaiker
afdeling, afdelings, afdelinging, afdelinged, afdelinger
afterall, afteralls, afteralling, afteralled, afteraller
afterwards, afterwardses, afterwardsing, afterwardsed, afterwardser
aggravate, aggravates, aggravating, aggravated, aggravater
agh, aghs, aghing, aghed, agher
ags, agses, agsing, agsed, agser
ahah, ahahs, ahahhing, ahahhed, ahaher
ahaha, ahahas, ahahaing, ahahaed, ahahaer
ahhh, ahhhs, ahhhing, ahhhed, ahhher
ahm, ahms, ahming, ahmed, ahmer
ahn, ahns, ahning, ahned, ahner
ahsan, ahsans, ahsanning, ahsanned, ahsaner
aia, aias, aiaing, aiaed, aiaer
airbnb, airbnbs, airbnbing, airbnbed, airbnber
airbnbs, airbnbses, airbnbsing, airbnbsed, airbnbser
airburp, airburps, airburping, airburped, airburper
aire, aires, airing, aired, airer
airpipe, airpipes, airpiping, airpiped, airpiper
airpods, airpodses, airpodsing, airpodsed, airpodser
airvom, airvoms, airvomming, airvommed, airvomer
akinator, akinators, akinatorring, akinatorred, akinatorer
akst, aksts, aksting, aksted, akster
alc, alcs, alcing, alced, alcer
alcopops, alcopopses, alcopopsing, alcopopsed, alcopopser
algo, algos, algoing, algoed, algoer
algum, algums, algumming, algummed, algumer
alieve, alieves, alieving, alieved, aliever
alka, alkas, alkaing, alkaed, alkaer
alles, alleses, allessing, allessed, alleser
allicin, allicins, allicinning, allicinned, alliciner
alliums, alliumses, alliumsing, alliumsed, alliumser
allll, alllls, alllling, alllled, allller
alot, alots, alotting, alotted, aloter
als, alses, alsing, alsed, alser
alt, alts, alting, alted, alter
ama, amas, amaing, amaed, amaer
amab, amabs, amabbing, amabbed, amaber
amas, amases, amassing, amassed, amaser
amd, amds, amding, amded, amder
amh, amhs, amhing, amhed, amher
amped, ampeds, ampedding, ampedded, ampeder
anderson's
anesth, anesths, anesthing, anesthed, anesther
angeles, angeleses, angelessing, angelessed, angeleser
anogenital, anogenitals, anogenitalling, anogenitalled, anogenitaler
anorectal, anorectals, anorectalling, anorectalled, anorectaler
antegrade, antegrades, antegrading, antegraded, antegrader
anterograde, anterogrades, anterograding, anterograded, anterograder
antiemetic, antiemetics, antiemeticcing, antiemeticced, antiemeticer
antiemetics, antiemeticses, antiemeticsing, antiemeticsed, antiemeticser
anyone's
anyones, anyoneses, anyonessing, anyonessed, anyoneser
aoyagi, aoyagis, aoyagiing, aoyagied, aoyagier
aphantasia, aphantasias, aphantasiaing, aphantasiaed, aphantasiaer
app, apps, apping, apped, apper
apps, appses, appsing, appsed, appser
appt, appts, appting, appted, appter
appts, apptses, apptsing, apptsed, apptser
aprox, aproxes, aproxxing, aproxxed, aproxer
apts, aptses, aptsing, aptsed, aptser
arfid, arfids, arfidding, arfidded, arfider
asheville, ashevilles, ashevilling, ashevilled, asheviller
ashli, ashlis, ashliing, ashlied, ashlier
askdocs, askdocses, askdocsing, askdocsed, askdocser
asmr, asmrs, asmring, asmred, asmrer
asperger's
aswell, aswells, aswelling, aswelled, asweller
ativan, ativans, ativanning, ativanned, ativaner
atl, atls, atling, atled, atler
atleast, atleasts, atleasting, atleasted, atleaster
atm, atms, atming, atmed, atmer
att, atts, atting, atted, atter
auch, auches, auching, auched, aucher
aucun, aucuns, aucunning, aucunned, aucuner
aud, auds, auding, auded, auder
avec, avecs, aveccing, avecced, avecer
avez, avezes, avezzing, avezzed, avezer
avg, avgs, avging, avged, avger
aviva, avivas, avivaing, avivaed, avivaer
avm, avms, avming, avmed, avmer
avoir, avoirs, avoiring, avoired, avoirer
aw, aws, awing, awed, awer
aww, awws, awwing, awwed, awwer
axa, axas, axaing, axaed, axaer
az, azes, azing, azed, azer
backstory, backstories, backstorying, backstoryed, backstoryer
backwashes, backwasheses, backwashessing, backwashessed, backwasheser
bam, bams, bamming, bammed, bamer
bariatric, bariatrics, bariatriccing, bariatricced, bariatricer
barista, baristas, baristaing, baristaed, baristaer
barret's
barrets, barretses, barretsing, barretsed, barretser
barretts, barrettses, barrettsing, barrettsed, barrettser
basmati, basmatis, basmatiing, basmatied, basmatier
bastian, bastians, bastianing, bastianed, bastianer
bastian's
bastians, bastianses, bastiansing, bastiansed, bastianser
baycare, baycares, baycaring, baycared, baycarer
bbc, bbcs, bbcing, bbced, bbcer
bbq, bbqs, bbqing, bbqed, bbqer
bby, bbies, bbying, bbyed, bbyer
bc, bcs, bcing, bced, bcer
bcbs, bcbses, bcbsing, bcbsed, bcbser
bcs, bcses, bcsing, bcsed, bcser
bec, becs, beccing, becced, becer
bei, beis, beiing, beied, beier
belchy, belchies, belchying, belchyed, belchyer
bentyl, bentyls, bentyling, bentyled, bentyler
benzo, benzos, benzoing, benzoed, benzoer
benzos, benzoses, benzossing, benzossed, benzoser
ber, bers, berring, berred, berer
bergeron, bergerons, bergeronning, bergeronned, bergeroner
bestfriend, bestfriends, bestfriending, bestfriended, bestfriender
bestie, besties, bestiing, bestied, bestier
bevs, bevses, bevsing, bevsed, bevser
bf, bfs, bfing, bfed, bfer
bien, biens, biening, biened, biener
bifed, bifeds, bifedding, bifedded, bifeder
biggy, biggies, biggying, biggyed, biggyer
bij, bijs, bijjing, bijjed, bijer
bijdrage, bijdrages, bijdraging, bijdraged, bijdrager
bikhazi, bikhazis, bikhaziing, bikhazied, bikhazier
biletan, biletans, biletanning, biletanned, biletaner
biller, billers, billerring, billerred, billerer
bingcang, bingcangs, bingcanging, bingcanged, bingcanger
bio, bios, bioing, bioed, bioer
biochem, biochems, biochemming, biochemmed, biochemer
biomechanically, biomechanicallies, biomechanicallying, biomechanicallyed, biomechanicallyer
biomes, biomeses, biomessing, biomessed, biomeser
bipap, bipaps, bipapping, bipapped, bipaper
birthdate, birthdates, birthdating, birthdated, birthdater
bismal, bismals, bismalling, bismalled, bismaler
bismol, bismols, bismolling, bismolled, bismoler
blackhealth, blackhealths, blackhealthing, blackhealthed, blackhealther
blackheath, blackheaths, blackheathing, blackheathed, blackheather
blegh, bleghs, bleghing, bleghed, blegher
bloatedness, bloatednesses, bloatednessing, bloatednessed, bloatednesser
bloatening, bloatenings, bloateninging, bloateninged, bloateninger
bloaties, bloatieses, bloatiesing, bloatiesed, bloatieser
bloatiness, bloatinesses, bloatinessing, bloatinessed, bloatinesser
bloatless, bloatlesses, bloatlessing, bloatlessed, bloatlesser
bloaty, bloaties, bloatying, bloatyed, bloatyer
bloodwork, bloodworks, bloodworking, bloodworked, bloodworker
bluecross, bluecrosses, bluecrossing, bluecrossed, bluecrosser
bmi, bmis, bmiing, bmied, bmier
bms, bmses, bmsing, bmsed, bmser
boba, bobas, bobaing, bobaed, bobaer
bobas, bobases, bobassing, bobassed, bobaser
bodys, bodyses, bodysing, bodysed, bodyser
bodyshot, bodyshots, bodyshotting, bodyshotted, bodyshoter
boeren, boerens, boerenning, boerenned, boerener
bolingbrook, bolingbrooks, bolingbrooking, bolingbrooked, bolingbrooker
bonjour, bonjours, bonjouring, bonjoured, bonjourer
bot, bots, botting, botted, boter
botox, botoxes, botoxxing, botoxxed, botoxer
botox'd
botox's
botoxed, botoxeds, botoxedding, botoxedded, botoxeder
botoxers, botoxerses, botoxersing, botoxersed, botoxerser
botoxing, botoxings, botoxinging, botoxinged, botoxinger
botulinum, botulinums, botulinumming, botulinummed, botulinumer
bp, bps, bping, bped, bper
bpd, bpds, bpding, bpded, bpder
bph, bphs, bphing, bphed, bpher
bpm, bpms, bpming, bpmed, bpmer
bpp, bpps, bpping, bpped, bpper
bppv, bppvs, bppving, bppved, bppver
brabois, braboises, braboising, braboised, braboiser
braindead, braindeads, braindeading, braindeaded, braindeader
brainer, brainers, brainerring, brainerred, brainerer
brainstem, brainstems, brainstemming, brainstemmed, brainstemer
bralette, bralettes, braletting, braletted, braletter
bralettes, braletteses, bralettessing, bralettessed, braletteser
brd, brds, brding, brded, brder
bready, breadies, breadying, breadyed, breadyer
breathwork, breathworks, breathworking, breathworked, breathworker
breezers, breezerses, breezersing, breezersed, breezerser
brekkie, brekkies, brekkiing, brekkied, brekkier
brekky, brekkies, brekkying, brekkyed, brekkyer
brightside, brightsides, brightsiding, brightsided, brightsider
bro, bros, broing, broed, broer
broncoscopy, broncoscopies, broncoscopying, broncoscopyed, broncoscopyer
bruh, bruhs, bruhhing, bruhhed, bruher
bs, bses, bsing, bsed, bser
bscs, bscses, bscsing, bscsed, bscser
bsw, bsws, bswing, bswed, bswer
btdt, btdts, btdting, btdted, btdter
btw, btws, btwing, btwed, btwer
btx, btxes, btxing, btxed, btxer
bublr, bublrs, bublring, bublred, bublrer
bubly, bublies, bublying, bublyed, bublyer
bulimia, bulimias, bulimiaing, bulimiaed, bulimiaer
bupa, bupas, bupaing, bupaed, bupaer
burb, burbs, burbing, burbed, burber
burpable, burpables, burpabling, burpabled, burpabler
burpage, burpages, burpaging, burpaged, burpager
burpday, burpdays, burpdayying, burpdayyed, burpdayer
burpee, burpees, burpeeing, burpeed, burpeer
burpees, burpeeses, burpeesing, burpeesed, burpeeser
burper, burpers, burperring, burperred, burperer
burper's
burpful, burpfuls, burpfulling, burpfulled, burpfuler
burpies, burpieses, burpiesing, burpiesed, burpieser
burping, burpings, burpinging, burpinged, burpinger
burpless, burplesses, burplessing, burplessed, burplesser
burpy, burpies, burpying, burpyed, burpyer
bvi, bvis, bviing, bvied, bvier
bvi's
c'est
calpol, calpols, calpolling, calpolled, calpoler
carb, carbs, carbing, carbed, carber
carbs, carbses, carbsing, carbsed, carbser
cardio, cardios, cardioing, cardioed, cardioer
caso, casos, casoing, casoed, casoer
catsos, catsoses, catsossing, catsossed, catsoser
cbd, cbds, cbding, cbded, cbder
cc, ccs, ccing, cced, ccer
cc's
ccg, ccgs, ccging, ccged, ccger
ccs, ccses, ccsing, ccsed, ccser
cecostomy, cecostomies, cecostomying, cecostomyed, cecostomyer
cela, celas, celaing, celaed, celaer
cette, cettes, cetting, cetted, cetter
charit, charits, charitting, charitted, chariter
charite, charites, chariting, charited, chariter
chatgpt, chatgpts, chatgpting, chatgpted, chatgpter
cheadle, cheadles, cheadling, cheadled, cheadler
chewables, chewableses, chewablessing, chewablessed, chewableser
children's
chiro, chiros, chiroing, chiroed, chiroer
cigna, cignas, cignaing, cignaed, cignaer
cigs, cigses, cigsing, cigsed, cigser
cking, ckings, ckinging, ckinged, ckinger
clinic, clinics, cliniccing, clinicced, clinicer
combien, combiens, combiening, combiened, combiener
comfortability, comfortabilities, comfortabilitying, comfortabilityed, comfortabilityer
comme, commes, comming, commed, commer
commenters, commenterses, commentersing, commentersed, commenterser
comorbid, comorbids, comorbidding, comorbidded, comorbider
comorbidity, comorbidities, comorbiditying, comorbidityed, comorbidityer
conta, contas, containg, contaed, contaer
convos, convoses, convossing, convossed, convoser
copays, copayses, copaysing, copaysed, copayser
copd, copds, copding, copded, copder
cosentino, cosentinos, cosentinoing, cosentinoed, cosentinoer
could've
couldn't
covid, covids, covidding, covidded, covider
cp, cps, cping, cped, cper
cpap, cpaps, cpapping, cpapped, cpaper
cpd, cpds, cpding, cpded, cpder
cpders, cpderses, cpdersing, cpdersed, cpderser
cpm, cpms, cpming, cpmed, cpmer
cpr, cprs, cpring, cpred, cprer
cpt, cpts, cpting, cpted, cpter
crampy, crampies, crampying, crampyed, crampyer
cran, crans, cranning, cranned, craner
cric, crics, criccing, cricced, cricer
crico, cricos, cricoing, cricoed, cricoer
cricoids, cricoidses, cricoidsing, cricoidsed, cricoidser
cricopharangeal, cricopharangeals, cricopharangealing, cricopharangealed, cricopharangealer
cricopharyngeus, cricopharyngeuses, cricopharyngeusing, cricopharyngeused, cricopharyngeuser
crohn, crohns, crohning, crohned, crohner
crohn's
crohns, crohnses, crohnsing, crohnsed, crohnser
croix, croixes, croixing, croixed, croixer
cuando, cuandos, cuandoing, cuandoed, cuandoer
curp, curps, curping, curped, curper
cus, cuses, cussing, cussed, cuser
cuz, cuzes, cuzzing, cuzzed, cuzer
d'inject
d'unit
da, das, daing, daed, daer
dae, daes, daing, daed, daer
dans, danses, dansing, dansed, danser
das, dases, dassing, dassed, daser
dass, dasses, dassing, dassed, dasser
dat, dats, datting, datted, dater
dbr, dbrs, dbring, dbred, dbrer
deadlifts, deadliftses, deadliftsing, deadliftsed, deadliftser
debry, debries, debrying, debryed, debryer
def, defs, deffing, deffed, defer
deflatline, deflatlines, deflatlining, deflatlined, deflatliner
defo, defos, defoing, defoed, defoer
delt, delts, delting, delted, delter
dept, depts, depting, depted, depter
der, ders, derring, derred, derer
des, deses, dessing, dessed, deser
desde, desdes, desding, desded, desder
det, dets, detting, detted, deter
dexilant, dexilants, dexilanting, dexilanted, dexilanter
deze, dezes, dezing, dezed, dezer
dfw, dfws, dfwing, dfwed, dfwer
dico, dicos, dicoing, dicoed, dicoer
dieing, dieings, dieinging, dieinged, dieinger
diff, diffs, diffing, diffed, differ
diy, diys, diyying, diyyed, diyer
dm'd
dmed, dmeds, dmedding, dmedded, dmeder
dms, dmses, dmsing, dmsed, dmser
donc, doncs, doncing, donced, doncer
downvoting, downvotings, downvotinging, downvotinged, downvotinger
dr's
drs, drses, drsing, drsed, drser
dunkin, dunkins, dunkinning, dunkinned, dunkiner
dus, duses, dussing, dussed, duser
dx, dxes, dxing, dxed, dxer
dysbiosis, dysbiosises, dysbiosissing, dysbiosissed, dysbiosiser
dyspnoea, dyspnoeas, dyspnoeaing, dyspnoeaed, dyspnoeaer
dysport, dysports, dysporting, dysported, dysporter
dystonia, dystonias, dystoniaing, dystoniaed, dystoniaer
ecg, ecgs, ecging, ecged, ecger
ecgs, ecgses, ecgsing, ecgsed, ecgser
echography, echographies, echographying, echographyed, echographyer
ecig, ecigs, ecigging, ecigged, eciger
ect, ects, ecting, ected, ecter
eds, edses, edsing, edsed, edser
edu, edus, eduing, edued, eduer
een, eens, eening, eened, eener
eerste, eerstes, eersting, eersted, eerster
egd, egds, egding, egded, egder
eine, eines, eining, eined, einer
ekg, ekgs, ekging, ekged, ekger
eller, ellers, ellerring, ellerred, ellerer
elon, elons, elonning, elonned, eloner
else's
emet, emets, emetting, emetted, emeter
emetephobe, emetephobes, emetephobing, emetephobed, emetephober
emetephobic, emetephobics, emetephobiccing, emetephobicced, emetephobicer
emetophobe, emetophobes, emetophobing, emetophobed, emetophober
emetophobes, emetophobeses, emetophobessing, emetophobessed, emetophobeser
emetophobia, emetophobias, emetophobiaing, emetophobiaed, emetophobiaer
emetophobic, emetophobics, emetophobiccing, emetophobicced, emetophobicer
emetophobics, emetophobicses, emetophobicsing, emetophobicsed, emetophobicser
emetrol, emetrols, emetrolling, emetrolled, emetroler
emg, emgs, emging, emged, emger
emt, emts, emting, emted, emter
endo, endos, endoing, endoed, endoer
endoscopies, endoscopieses, endoscopiesing, endoscopiesed, endoscopieser
ent's
ents, entses, entsing, entsed, entser
enzimatico, enzimaticos, enzimaticoing, enzimaticoed, enzimaticoer
eoe, eoes, eoing, eoed, eoer
eosinophilic, eosinophilics, eosinophiliccing, eosinophilicced, eosinophilicer
epigastric, epigastrics, epigastriccing, epigastricced, epigastricer
ers, erses, ersing, ersed, erser
eructar, eructars, eructarring, eructarred, eructarer
eso, esos, esoing, esoed, esoer
esomeprazole, esomeprazoles, esomeprazoling, esomeprazoled, esomeprazoler
esophagram, esophagrams, esophagramming, esophagrammed, esophagramer
esophogram, esophograms, esophogramming, esophogrammed, esophogramer
esp, esps, esping, esped, esper
espa, espas, espaing, espaed, espaer
est, ests, esting, ested, ester
esto, estos, estoing, estoed, estoer
estoy, estoys, estoyying, estoyyed, estoyer
etc, etcs, etcing, etced, etcer
everyone's
everyones, everyoneses, everyonessing, everyonessed, everyoneser
everytime, everytimes, everytiming, everytimed, everytimer
ew, ews, ewing, ewed, ewer
excavatum, excavatums, excavatumming, excavatummed, excavatumer
faire, faires, fairing, faired, fairer
fairlife, fairlifes, fairlifing, fairlifed, fairlifer
fais, faises, faising, faised, faiser
fait, faits, faiting, faited, faiter
fam, fams, famming, fammed, famer
faq, faqs, faqqing, faqqed, faqer
faqs, faqses, faqsing, faqsed, faqser
farter, farters, farterring, farterred, farterer
farty, farties, fartying, fartyed, fartyer
fb, fbs, fbing, fbed, fber
fda, fdas, fdaing, fdaed, fdaer
fianc, fiancs, fiancing, fianced, fiancer
fiance, fiances, fiancing, fianced, fiancer
fibre, fibres, fibring, fibred, fibrer
financials, financialses, financialsing, financialsed, financialser
fkn, fkns, fkning, fkned, fkner
flappy, flappies, flappying, flappyed, flappyer
flonase, flonases, flonasing, flonased, flonaser
fodmap, fodmaps, fodmapping, fodmapped, fodmaper
fodmaps, fodmapses, fodmapsing, fodmapsed, fodmapser
folate, folates, folating, folated, folater
folic, folics, foliccing, folicced, folicer
frother, frothers, frotherring, frotherred, frotherer
fumerate, fumerates, fumerating, fumerated, fumerater
fwiw, fwiws, fwiwwing, fwiwwed, fwiwer
fyi, fyis, fyiing, fyied, fyier
gaat, gaats, gaating, gaated, gaater
galati, galatis, galatiing, galatied, galatier
gas-x
gaslighting, gaslightings, gaslightinging, gaslightinged, gaslightinger
gass, gasses, gassing, gassed, gasser
gastro, gastros, gastroing, gastroed, gastroer
gastroenterologists, gastroenterologistses, gastroenterologistsing, gastroenterologistsed, gastroenterologistser
gastros, gastroses, gastrossing, gastrossed, gastroser
gastroscopies, gastroscopieses, gastroscopiesing, gastroscopiesed, gastroscopieser
gastroscopy, gastroscopies, gastroscopying, gastroscopyed, gastroscopyer
gasx, gasxes, gasxing, gasxed, gasxer
gatekeep, gatekeeps, gatekeeping, gatekeeped, gatekeeper
gaz, gazes, gazzing, gazzed, gazer
geen, geens, geening, geened, geener
gehad, gehads, gehadding, gehadded, gehader
geneid, geneids, geneiding, geneided, geneider
gente, gentes, genting, gented, genter
gewoon, gewoons, gewooning, gewooned, gewooner
gf, gfs, gfing, gfed, gfer
gif, gifs, giffing, giffed, gifer
gis, gises, gissing, gissed, giser
glug, glugs, glugging, glugged, gluger
glurps, glurpses, glurpsing, glurpsed, glurpser
glutes, gluteses, glutessing, glutessed, gluteser
glutition, glutitions, glutitioning, glutitioned, glutitioner
glycinate, glycinates, glycinating, glycinated, glycinater
gon, gons, gonning, gonned, goner
googled, googleds, googledding, googledded, googleder
googling, googlings, googlinging, googlinged, googlinger
gord, gords, gording, gorded, gorder
gps, gpses, gpsing, gpsed, gpser
gracias, graciases, graciasing, graciased, graciaser
greensmoke, greensmokes, greensmoking, greensmoked, greensmoker
grupo, grupos, grupoing, grupoed, grupoer
gummies, gummieses, gummiesing, gummiesed, gummieser
gurgler, gurglers, gurglerring, gurglerred, gurglerer
gurglers, gurglerses, gurglersing, gurglersed, gurglerser
gurgley, gurgleys, gurgleyying, gurgleyyed, gurgleyer
gurglings, gurglingses, gurglingsing, gurglingsed, gurglingser
gurgly, gurglies, gurglying, gurglyed, gurglyer
gurgs, gurgses, gurgsing, gurgsed, gurgser
gw, gws, gwing, gwed, gwer
gwu, gwus, gwuing, gwued, gwuer
gwuh, gwuhs, gwuhhing, gwuhhed, gwuher
gyno, gynos, gynoing, gynoed, gynoer
haha, hahas, hahaing, hahaed, hahaer
hahah, hahahs, hahahhing, hahahhed, hahaher
hahaha, hahahas, hahahaing, hahahaed, hahahaer
hahahah, hahahahs, hahahahhing, hahahahhed, hahahaher
hangry, hangries, hangrying, hangryed, hangryer
har, hars, harring, harred, harer
haukeland, haukelands, haukelanding, haukelanded, haukelander
hayley, hayleys, hayleyying, hayleyyed, hayleyer
hca, hcas, hcaing, hcaed, hcaer
hcl, hcls, hcling, hcled, hcler
headedness, headednesses, headednessing, headednessed, headednesser
headspace, headspaces, headspacing, headspaced, headspacer
heartrate, heartrates, heartrating, heartrated, heartrater
heds, hedses, hedsing, hedsed, hedser
heeft, heefts, heefting, heefted, heefter
heh, hehs, hehhing, hehhed, heher
hehe, hehes, hehing, hehed, heher
hella, hellas, hellaing, hellaed, hellaer
het, hets, hetting, hetted, heter
hh, hhs, hhing, hhed, hher
hi, his, hiing, hied, hier
hiburp, hiburps, hiburping, hiburped, hiburper
hicburp, hicburps, hicburping, hicburped, hicburper
hicc, hiccs, hiccing, hicced, hiccer
hiccuper, hiccupers, hiccuperring, hiccuperred, hiccuperer
hiccupy, hiccupies, hiccupying, hiccupyed, hiccupyer
hicklin, hicklins, hicklinning, hicklinned, hickliner
hicklin's
hickling, hicklings, hicklinging, hicklinged, hicklinger
hicklins, hicklinses, hicklinsing, hicklinsed, hicklinser
hickup, hickups, hickupping, hickupped, hickuper
hier, hiers, hiering, hiered, hierer
highmark, highmarks, highmarking, highmarked, highmarker
hii, hiis, hiiing, hiied, hiier
hiit, hiits, hiiting, hiited, hiiter
hmm, hmms, hmming, hmmed, hmmer
hmmmm, hmmmms, hmmmming, hmmmmed, hmmmmer
hmo, hmos, hmoing, hmoed, hmoer
hoesli, hoeslis, hoesliing, hoeslied, hoeslier
hola, holas, holaing, holaed, holaer
hr, hrs, hring, hred, hrer
hrs, hrses, hrsing, hrsed, hrser
hsa, hsas, hsaing, hsaed, hsaer
hu, hus, huing, hued, huer
hu's
huddinge, huddinges, huddinging, huddinged, huddinger
huel, huels, hueling, hueled, hueler
huisarts, huisartses, huisartsing, huisartsed, huisartser
hurty, hurties, hurtying, hurtyed, hurtyer
hvis, hvises, hvissing, hvissed, hviser
hydrohomie, hydrohomies, hydrohomiing, hydrohomied, hydrohomier
hypersalivating, hypersalivatings, hypersalivatinging, hypersalivatinged, hypersalivatinger
hypersalivation, hypersalivations, hypersalivationing, hypersalivationed, hypersalivationer
hypertensile, hypertensiles, hypertensiling, hypertensiled, hypertensiler
hypertonia, hypertonias, hypertoniaing, hypertoniaed, hypertoniaer
i'm
ibd, ibds, ibding, ibded, ibder
icd, icds, icding, icded, icder
ich, iches, iching, iched, icher
ici, icis, iciing, icied, icier
ick, icks, icking, icked, icker
icu, icus, icuing, icued, icuer
idk, idks, idking, idked, idker
ie, ies, iing, ied, ier
iem, iems, ieming, iemed, iemer
ifr, ifrs, ifring, ifred, ifrer
ig, igs, iging, iged, iger
ii, iis, iiing, iied, iier
iirc, iircs, iircing, iirced, iircer
ik, iks, iking, iked, iker
ikke, ikkes, ikking, ikked, ikker
ikr, ikrs, ikring, ikred, ikrer
il, ils, iling, iled, iler
ils, ilses, ilsing, ilsed, ilser
im, ims, iming, imed, imer
imgur, imgurs, imgurring, imgurred, imgurer
imma, immas, immaing, immaed, immaer
imo, imos, imoing, imoed, imoer
inbox, inboxes, inboxxing, inboxxed, inboxer
infact, infacts, infacting, infacted, infacter
ing, ings, inging, inged, inger
inositol, inositols, inositolling, inositolled, inositoler
inte, intes, inting, inted, inter
intolerances, intoleranceses, intolerancessing, intolerancessed, intoleranceser
intra, intras, intraing, intraed, intraer
intro, intros, introing, introed, introer
intubate, intubates, intubating, intubated, intubater
intubated, intubateds, intubatedding, intubatedded, intubateder
intubates, intubateses, intubatessing, intubatessed, intubateser
intubating, intubatings, intubatinging, intubatinged, intubatinger
intubation, intubations, intubationing, intubationed, intubationer
investigational, investigationals, investigationalling, investigationalled, investigationaler
ipa, ipas, ipaing, ipaed, ipaer
ipas, ipases, ipassing, ipassed, ipaser
iqoro, iqoros, iqoroing, iqoroed, iqoroer
irl, irls, irling, irled, irler
ironman, ironmans, ironmanning, ironmanned, ironmaner
ish, ishes, ishing, ished, isher
ist, ists, isting, isted, ister
it'll
iu, ius, iuing, iued, iuer
iud, iuds, iuding, iuded, iuder
iv, ivs, iving, ived, iver
ive, ives, iving, ived, iver
ivf, ivfs, ivfing, ivfed, ivfer
j'ai
j'esp
jaar, jaars, jaaring, jaared, jaarer
je, jes, jing, jed, jer
jeg, jegs, jegging, jegged, jeger
jij, jijs, jijjing, jijjed, jijer
jin, jins, jinning, jinned, jiner
jk, jks, jking, jked, jker
jolie, jolies, joliing, jolied, jolier
jt, jts, jting, jted, jter
jurjaan, jurjaans, jurjaaning, jurjaaned, jurjaaner
kaplan, kaplans, kaplanning, kaplanned, kaplaner
karagama, karagamas, karagamaing, karagamaed, karagamaer
karagama's
karagamas, karagamases, karagamassing, karagamassed, karagamaser
keer, keers, keering, keered, keerer
kefir, kefirs, kefirring, kefirred, kefirer
keto, ketos, ketoing, ketoed, ketoer
ketogenic, ketogenics, ketogeniccing, ketogenicced, ketogenicer
kg, kgs, kging, kged, kger
kgs, kgses, kgsing, kgsed, kgser
kost, kosts, kosting, kosted, koster
kp, kps, kping, kped, kper
ktc, ktcs, ktcing, ktced, ktcer
kuderer, kuderers, kudererring, kudererred, kudererer
l'injection
lacroix, lacroixes, lacroixing, lacroixed, lacroixer
lactulose, lactuloses, lactulosing, lactulosed, lactuloser
laryngologists, laryngologistses, laryngologistsing, laryngologistsed, laryngologistser
las, lases, lassing, lassed, laser
layed, layeds, layedding, layedded, layeder
lbs, lbses, lbsing, lbsed, lbser
leandro, leandros, leandroing, leandroed, leandroer
lectins, lectinses, lectinsing, lectinsed, lectinser
lenox, lenoxes, lenoxxing, lenoxxed, lenoxer
lieve, lieves, lieving, lieved, liever
lil, lils, lilling, lilled, liler
linx, linxes, linxing, linxed, linxer
liquidy, liquidies, liquidying, liquidyed, liquidyer
lithotripsy, lithotripsies, lithotripsying, lithotripsyed, lithotripsyer
litre, litres, litring, litred, litrer
liu, lius, liuing, liued, liuer
ll, lls, lling, lled, ller
lmao, lmaos, lmaoing, lmaoed, lmaoer
lmfao, lmfaos, lmfaoing, lmfaoed, lmfaoer
lmk, lmks, lmking, lmked, lmker
lockdown, lockdowns, lockdowning, lockdowned, lockdowner
lockdowns, lockdownses, lockdownsing, lockdownsed, lockdownser
loius, loiuses, loiusing, loiused, loiuser
lol, lols, lolling, lolled, loler
longshot, longshots, longshotting, longshotted, longshoter
longterm, longterms, longterming, longtermed, longtermer
loogie, loogies, loogiing, loogied, loogier
los, loses, lossing, lossed, loser
lowkey, lowkeys, lowkeyying, lowkeyyed, lowkeyer
lpr, lprs, lpring, lpred, lprer
lui, luis, luiing, luied, luier
m'a
maanden, maandens, maandenning, maandenned, maandener
maar, maars, maaring, maared, maarer
macroburp, macroburps, macroburping, macroburped, macroburper
mailly, maillies, maillying, maillyed, maillyer
mais, maises, maising, maised, maiser
mal, mals, malling, malled, maler
mals, malses, malsing, malsed, malser
manometries, manometrieses, manometriesing, manometriesed, manometrieser
marfan, marfans, marfanning, marfanned, marfaner
mcas, mcases, mcassing, mcassed, mcaser
mcds, mcdses, mcdsing, mcdsed, mcdser
mchugh, mchughs, mchughing, mchughed, mchugher
mds, mdses, mdsing, mdsed, mdser
med, meds, medding, medded, meder
medicade, medicades, medicading, medicaded, medicader
meds, medses, medsing, medsed, medser
megathread, megathreads, megathreading, megathreaded, megathreader
meh, mehs, mehhing, mehhed, meher
mendelsohn, mendelsohns, mendelsohning, mendelsohned, mendelsohner
mensen, mensens, mensenning, mensenned, mensener
merci, mercis, merciing, mercied, mercier
meth, meths, mething, methed, mether
mhs, mhses, mhsing, mhsed, mhser
michael's
microbiome, microbiomes, microbioming, microbiomed, microbiomer
microburp, microburps, microburping, microburped, microburper
microdose, microdoses, microdosing, microdosed, microdoser
might've
mij, mijs, mijjing, mijjed, mijer
mijn, mijns, mijning, mijned, mijner
mins, minses, minsing, minsed, minser
mis, mises, missing, missed, miser
ml, mls, mling, mled, mler
moderna, modernas, modernaing, modernaed, modernaer
moines, moineses, moinessing, moinessed, moineser
mois, moises, moising, moised, moiser
monash, monashes, monashing, monashed, monasher
mondino, mondinos, mondinoing, mondinoed, mondinoer
mortensen, mortensens, mortensenning, mortensenned, mortensener
motilium, motiliums, motiliuming, motiliumed, motiliumer
mouthguard, mouthguards, mouthguarding, mouthguarded, mouthguarder
mp, mps, mping, mped, mper
mri, mris, mriing, mried, mrier
msg, msgs, msging, msged, msger
mucinex, mucinexes, mucinexxing, mucinexxed, mucinexer
multi, multis, multiing, multied, multier
musc, muscs, muscing, musced, muscer
must've
mutualite, mutualites, mutualiting, mutualited, mutualiter
muy, muys, muyying, muyyed, muyer
mylanta, mylantas, mylantaing, mylantaed, mylantaer
myofunctional, myofunctionals, myofunctionalling, myofunctionalled, myofunctionaler
myometry, myometries, myometrying, myometryed, myometryer
n'ai
n'avez
naar, naars, naaring, naared, naarer
nach, naches, naching, nached, nacher
nada, nadas, nadaing, nadaed, nadaer
nalgene, nalgenes, nalgening, nalgened, nalgener
nasalpharynx, nasalpharynxes, nasalpharynxing, nasalpharynxed, nasalpharynxer
naso, nasos, nasoing, nasoed, nasoer
nasopharyngoscopy, nasopharyngoscopies, nasopharyngoscopying, nasopharyngoscopyed, nasopharyngoscopyer
nbs, nbses, nbsing, nbsed, nbser
nbsp, nbsps, nbsping, nbsped, nbsper
nc, ncs, ncing, nced, ncer
negroni, negronis, negroniing, negronied, negronier
neuro, neuros, neuroing, neuroed, neuroer
neuropathic, neuropathics, neuropathiccing, neuropathicced, neuropathicer
neurophysiologist, neurophysiologists, neurophysiologisting, neurophysiologisted, neurophysiologister
nexium, nexiums, nexiuming, nexiumed, nexiumer
ng, ngs, nging, nged, nger
ngl, ngls, ngling, ngled, ngler
ngt, ngts, ngting, ngted, ngter
nh, nhs, nhing, nhed, nher
nhs, nhses, nhsing, nhsed, nhser
nicht, nichts, nichting, nichted, nichter
nicotinate, nicotinates, nicotinating, nicotinated, nicotinater
nicu, nicus, nicuing, nicued, nicuer
niet, niets, nieting, nieted, nieter
niks, nikses, niksing, niksed, nikser
ning, nings, ninging, ninged, ninger
nissen, nissens, nissenning, nissenned, nissener
nj, njs, njing, njed, njer
nl, nls, nling, nled, nler
nmes, nmeses, nmessing, nmessed, nmeser
no-burp
no-burper
no-burpers
noburp, noburps, noburping, noburped, noburper
noburper, noburpers, noburperring, noburperred, noburperer
noburpers, noburperses, noburpersing, noburpersed, noburperser
noburping, noburpings, noburpinging, noburpinged, noburpinger
noburps, noburpses, noburpsing, noburpsed, noburpser
non-burpers
nonburper, nonburpers, nonburperring, nonburperred, nonburperer
nonburpers, nonburperses, nonburpersing, nonburpersed, nonburperser
noo, noos, nooing, nooed, nooer
nooo, nooos, noooing, noooed, noooer
noooo, noooos, nooooing, nooooed, nooooer
norcal, norcals, norcalling, norcalled, norcaler
normies, normieses, normiesing, normiesed, normieser
ns, nses, nsing, nsed, nser
nsaids, nsaidses, nsaidsing, nsaidsed, nsaidser
nsfw, nsfws, nsfwing, nsfwed, nsfwer
nuffield, nuffields, nuffielding, nuffielded, nuffielder
nutella, nutellas, nutellaing, nutellaed, nutellaer
nux, nuxes, nuxxing, nuxxed, nuxer
ny, nies, nying, nyed, nyer
nyc, nycs, nycing, nyced, nycer
nye, nyes, nying, nyed, nyer
nz, nzes, nzing, nzed, nzer
o'dell
obgyn, obgyns, obgyning, obgyned, obgyner
obv, obvs, obving, obved, obver
obvs, obvses, obvsing, obvsed, obvser
ocd, ocds, ocding, ocded, ocder
ofc, ofcs, ofcing, ofced, ofcer
og, ogs, oging, oged, oger
ogs, ogses, ogsing, ogsed, ogser
ohh, ohhs, ohhing, ohhed, ohher
ohhh, ohhhs, ohhhing, ohhhed, ohhher
ohhhh, ohhhhs, ohhhhing, ohhhhed, ohhhher
ohip, ohips, ohipping, ohipped, ohiper
ohsu, ohsus, ohsuing, ohsued, ohsuer
ol, ols, oling, oled, oler
olly, ollies, ollying, ollyed, ollyer
omfg, omfgs, omfging, omfged, omfger
omg, omgs, omging, omged, omger
ook, ooks, ooking, ooked, ooker
ooo, ooos, oooing, oooed, oooer
oop, oops, ooping, ooped, ooper
opp, opps, opping, opped, opper
org, orgs, orging, orged, orger
orl, orls, orling, orled, orler
orlov, orlovs, orlovving, orlovved, orlover
ormond, ormonds, ormonding, ormonded, ormonder
orthotropics, orthotropicses, orthotropicsing, orthotropicsed, orthotropicser
osu, osus, osuing, osued, osuer
ot, ots, oting, oted, oter
otc, otcs, otcing, otced, otcer
other's
otorrino, otorrinos, otorrinoing, otorrinoed, otorrinoer
ou, ous, ouing, oued, ouer
overthink, overthinks, overthinking, overthinked, overthinker
ozempic, ozempics, ozempiccing, ozempicced, ozempicer
paleo, paleos, paleoing, paleoed, paleoer
palpations, palpationses, palpationsing, palpationsed, palpationser
palps, palpses, palpsing, palpsed, palpser
paneer, paneers, paneering, paneered, paneerer
panini, paninis, paniniing, paninied, paninier
parkside, parksides, parksiding, parksided, parksider
pavia, pavias, paviaing, paviaed, paviaer
paywall, paywalls, paywalling, paywalled, paywaller
pc, pcs, pcing, pced, pcer
pcos, pcoses, pcossing, pcossed, pcoser
pcps, pcpses, pcpsing, pcpsed, pcpser
pcr, pcrs, pcring, pcred, pcrer
pdf, pdfs, pdfing, pdfed, pdfer
peasy, peasies, peasying, peasyed, peasyer
pectus, pectuses, pectussing, pectussed, pectuser
peloton, pelotons, pelotonning, pelotonned, pelotoner
pense, penses, pensing, pensed, penser
pepcid, pepcids, pepcidding, pepcidded, pepcider
pepsid, pepsids, pepsidding, pepsidded, pepsider
peptalk, peptalks, peptalking, peptalked, peptalker
pepto, peptos, peptoing, peptoed, peptoer
perma, permas, permaing, permaed, permaer
permanente, permanentes, permanenting, permanented, permanenter
pero, peros, peroing, peroed, peroer
pfd, pfds, pfding, pfded, pfder
pharma, pharmas, pharmaing, pharmaed, pharmaer
pickleback, picklebacks, picklebacking, picklebacked, picklebacker
pitman's
pk, pks, pking, pked, pker
playlist, playlists, playlisting, playlisted, playlister
pls, plses, plsing, plsed, plser
plz, plzes, plzing, plzed, plzer
pmc, pmcs, pmcing, pmced, pmcer
pmed, pmeds, pmedding, pmedded, pmeder
pms, pmses, pmsing, pmsed, pmser
pneumologist, pneumologists, pneumologisting, pneumologisted, pneumologister
pnw, pnws, pnwing, pnwed, pnwer
poderia, poderias, poderiaing, poderiaed, poderiaer
pooper, poopers, pooperring, pooperred, pooperer
popsicles, popsicleses, popsiclessing, popsiclessed, popsicleser
por, pors, porring, porred, porer
pornstar, pornstars, pornstarring, pornstarred, pornstarer
porque, porques, porquing, porqued, porquer
portillo's
poss, posses, possing, possed, posser
post-botox
postop, postops, postopping, postopped, postoper
pov, povs, povving, povved, pover
pp, pps, pping, pped, pper
ppi, ppis, ppiing, ppied, ppier
ppi's
ppis, ppises, ppissing, ppissed, ppiser
ppl, ppls, ppling, ppled, ppler
ppo, ppos, ppoing, ppoed, ppoer
ppp, ppps, ppping, ppped, ppper
pra, pras, praing, praed, praer
pral, prals, pralling, pralled, praler
pre, pres, pring, pred, prer
pre-op
preauthorization, preauthorizations, preauthorizationing, preauthorizationed, preauthorizationer
prebiotic, prebiotics, prebioticcing, prebioticced, prebioticer
prebiotics, prebioticses, prebioticsing, prebioticsed, prebioticser
prebotox, prebotoxes, prebotoxxing, prebotoxxed, prebotoxer
premade, premades, premading, premaded, premader
premera, premeras, premeraing, premeraed, premeraer
preop, preops, preoping, preoped, preoper
prevacid, prevacids, prevacidding, prevacidded, prevacider
prilosec, prilosecs, priloseccing, prilosecced, prilosecer
prob, probs, probbing, probbed, prober
probiotic, probiotics, probioticcing, probioticced, probioticer
probiotics, probioticses, probioticsing, probioticsed, probioticser
problema, problemas, problemaing, problemaed, problemaer
problemas, problemases, problemassing, problemassed, problemaser
probs, probses, probsing, probsed, probser
propofol, propofols, propofolling, propofolled, propofoler
prosecco, proseccos, proseccoing, proseccoed, proseccoer
protonix, protonixes, protonixxing, protonixxed, protonixer
psa, psas, psaing, psaed, psaer
psyllium, psylliums, psylliuming, psylliumed, psylliumer
pto, ptos, ptoing, ptoed, ptoer
pts, ptses, ptsing, ptsed, ptser
ptsd, ptsds, ptsding, ptsded, ptsder
pubmed, pubmeds, pubmedding, pubmedded, pubmeder
puker, pukers, pukerring, pukerred, pukerer
pukey, pukeys, pukeyying, pukeyyed, pukeyer
pvc, pvcs, pvcing, pvced, pvcer
pvcs, pvcses, pvcsing, pvcsed, pvcser
q's
qc, qcs, qcing, qced, qcer
qle, qles, qling, qled, qler
qna, qnas, qnaing, qnaed, qnaer
qu, qus, quing, qued, quer
qu'il
qui, quis, quiing, quied, quier
r-cpd
r/askdocs
r/emetophobia
r/gerd
r/ibs
r/no
r/noburp
ramping, rampings, rampinging, rampinged, rampinger
rayed, rayeds, rayedding, rayedded, rayeder
rc, rcs, rcing, rced, rcer
rcp, rcps, rcping, rcped, rcper
rcp-d
rcpd, rcpds, rcpding, rcpded, rcpder
rec, recs, reccing, recced, recer
recreationally, recreationallies, recreationallying, recreationallyed, recreationallyer
recs, recses, recsing, recsed, recser
reddit, reddits, redditting, redditted, redditer
reddit's
redditor, redditors, redditorring, redditorred, redditorer
redditors, redditorses, redditorsing, redditorsed, redditorser
reddits, redditses, redditsing, redditsed, redditser
refeeding, refeedings, refeedinging, refeedinged, refeedinger
refluxers, refluxerses, refluxersing, refluxersed, refluxerser
reglan, reglans, reglanning, reglanned, reglaner
regurg, regurgs, regurging, regurged, regurger
reiki, reikis, reikiing, reikied, reikier
reinjection, reinjections, reinjectioning, reinjectioned, reinjectioner
rennie, rennies, renniing, rennied, rennier
rennies, rennieses, renniesing, renniesed, rennieser
repos, reposes, repossing, repossed, reposer
repost, reposts, reposting, reposted, reposter
reposted, reposteds, repostedding, repostedded, reposteder
retour, retours, retouring, retoured, retourer
rheumatologist, rheumatologists, rheumatologisting, rheumatologisted, rheumatologister
rheumatology, rheumatologies, rheumatologying, rheumatologyed, rheumatologyer
rhr, rhrs, rhring, rhred, rhrer
ribbit, ribbits, ribbitting, ribbitted, ribbiter
ribena, ribenas, ribenaing, ribenaed, ribenaer
rlly, rllies, rllying, rllyed, rllyer
rly, rlies, rlying, rlyed, rlyer
rna, rnas, rnaing, rnaed, rnaer
rollercoasters, rollercoasterses, rollercoastersing, rollercoastersed, rollercoasterser
rosen, rosens, rosenning, rosenned, rosener
roter, roters, roterring, roterred, roterer
rt, rts, rting, rted, rter
rw, rws, rwing, rwed, rwer
sa, sas, saing, saed, saer
salut, saluts, salutting, salutted, saluter
sandhu, sandhus, sandhuing, sandhued, sandhuer
sanjay, sanjays, sanjayying, sanjayyed, sanjayer
santosh, santoshes, santoshing, santoshed, santosher
scammy, scammies, scammying, scammyed, scammyer
schi, schis, schiing, schied, schier
schiffer, schiffers, schifferring, schifferred, schifferer
schulte, schultes, schulting, schulted, schulter
scishow, scishows, scishowwing, scishowwed, scishower
scrool, scrools, scrooling, scrooled, scrooler
segway, segways, segwayying, segwayyed, segwayer
sehr, sehrs, sehring, sehred, sehrer
seiza, seizas, seizaing, seizaed, seizaer
self-cure
selfie, selfies, selfiing, selfied, selfier
seule, seules, seuling, seuled, seuler
sf, sfs, sfing, sfed, sfer
shakey, shakeys, shakeyying, shakeyyed, shakeyer
sharma, sharmas, sharmaing, sharmaed, sharmaer
shart, sharts, sharting, sharted, sharter
shatzki, shatzkis, shatzkiing, shatzkied, shatzkier
sheeply, sheeplies, sheeplying, sheeplyed, sheeplyer
shitless, shitlesses, shitlessing, shitlessed, shitlesser
shitton, shittons, shittonning, shittonned, shittoner
should've
shoutout, shoutouts, shoutouting, shoutouted, shoutouter
sicky, sickies, sickying, sickyed, sickyer
sie, sies, siing, sied, sier
sixpack, sixpacks, sixpacking, sixpacked, sixpacker
sk, sks, sking, sked, sker
slc, slcs, slcing, slced, slcer
slp, slps, slping, slped, slper
slurpy, slurpies, slurpying, slurpyed, slurpyer
slushie, slushies, slushiing, slushied, slushier
smartass, smartasses, smartassing, smartassed, smartasser
smh, smhs, smhing, smhed, smher
smoosh, smooshes, smooshing, smooshed, smoosher
snapchat, snapchats, snapchatting, snapchatted, snapchater
snd, snds, snding, snded, snder
snelleman, snellemans, snellemanning, snellemanned, snellemaner
sobre, sobres, sobring, sobred, sobrer
socal, socals, socalling, socalled, socaler
solventi, solventis, solventiing, solventied, solventier
somac, somacs, somaccing, somacced, somacer
soo, soos, sooing, sooed, sooer
sooo, sooos, soooing, soooed, soooer
sooooo, sooooos, soooooing, soooooed, soooooer
spasming, spasmings, spasminging, spasminged, spasminger
spiegel, spiegels, spiegelling, spiegelled, spiegeler
spiegel's
spl, spls, spling, spled, spler
spotify, spotifies, spotifying, spotifyed, spotifyer
ssri, ssris, ssriing, ssried, ssrier
ssris, ssrises, ssrissing, ssrissed, ssriser
starwars, starwarses, starwarsing, starwarsed, starwarser
stat, stats, statting, statted, stater
stickied, stickieds, stickieding, stickieded, stickieder
stomachy, stomachies, stomachying, stomachyed, stomachyer
stoner, stoners, stonerring, stonerred, stonerer
stressors, stressorses, stressorsing, stressorsed, stressorser
stressy, stressies, stressying, stressyed, stressyer
stroboscopy, stroboscopies, stroboscopying, stroboscopyed, stroboscopyer
suboxone, suboxones, suboxoning, suboxoned, suboxoner
subreddit, subreddits, subredditting, subredditted, subredditer
subreddit's
subreddits, subredditses, subredditsing, subredditsed, subredditser
sucky, suckies, suckying, suckyed, suckyer
sudafed, sudafeds, sudafedding, sudafedded, sudafeder
suffit, suffits, suffitting, suffitted, suffiter
suis, suises, suising, suised, suiser
sunil, sunils, sunilling, sunilled, suniler
sutter, sutters, sutterring, sutterred, sutterer
sympt, sympts, sympting, sympted, sympter
symptom, symptoms, symptomming, symptommed, symptomer
tambi, tambis, tambiing, tambied, tambier
tbf, tbfs, tbfing, tbfed, tbfer
tbh, tbhs, tbhing, tbhed, tbher
tech, teches, teching, teched, techer
tel, tels, telling, telled, teler
tele, teles, teling, teled, teler
telemed, telemeds, telemedding, telemedded, telemeder
televisit, televisits, televisitting, televisitted, televisiter
telework, teleworks, teleworking, teleworked, teleworker
teng, tengs, tenging, tenged, tenger
tengo, tengos, tengoing, tengoed, tengoer
texted, texteds, textedding, textedded, texteder
tf, tfs, tfing, tfed, tfer
that'd
that'll
that's
thc, thcs, thcing, thced, thcer
theyre, theyres, theyring, theyred, theyrer
throating, throatings, throatinging, throatinged, throatinger
throatox, throatoxes, throatoxxing, throatoxxed, throatoxer
throwup, throwups, throwupping, throwupped, throwuper
thx, thxes, thxing, thxed, thxer
tiempo, tiempos, tiempoing, tiempoed, tiempoer
tif, tifs, tiffing, tiffed, tifer
tik, tiks, tikking, tikked, tiker
tiktok, tiktoks, tiktokking, tiktokked, tiktoker
timelines, timelineses, timelinessing, timelinessed, timelineser
timespan, timespans, timespanning, timespanned, timespaner
tk, tks, tking, tked, tker
tldr, tldrs, tldring, tldred, tldrer
tmi, tmis, tmiing, tmied, tmier
tmj, tmjs, tmjing, tmjed, tmjer
tmrw, tmrws, tmrwing, tmrwed, tmrwer
tn, tns, tning, tned, tner
tne, tnes, tning, tned, tner
todo, todos, todoing, todoed, todoer
todos, todoses, todossing, todossed, todoser
tok, toks, tokking, tokked, toker
topo, topos, topoing, topoed, topoer
tox, toxes, toxxing, toxxed, toxer
tr, trs, tring, tred, trer
trach, traches, traching, trached, tracher
trans, transes, transing, transed, transer
transnasal, transnasals, transnasalling, transnasalled, transnasaler
tre, tres, tring, tred, trer
tri, tris, triing, tried, trier
tricare, tricares, tricaring, tricared, tricarer
trifecta, trifectas, trifectaing, trifectaed, trifectaer
tritter, tritters, tritterring, tritterred, tritterer
troath, troaths, troathing, troathed, troather
truly's
trustable, trustables, trustabling, trustabled, trustabler
tryna, trynas, trynaing, trynaed, trynaer
tsh, tshes, tshing, tshed, tsher
tsp, tsps, tsping, tsped, tsper
tt, tts, tting, tted, tter
ttc, ttcs, ttcing, ttced, ttcer
tv, tvs, tving, tved, tver
tw, tws, twing, twed, twer
twix, twixes, twixxing, twixxed, twixer
tx, txes, txing, txed, txer
tysm, tysms, tysming, tysmed, tysmer
uab, uabs, uabing, uabed, uaber
uber, ubers, uberring, uberred, uberer
uc, ucs, ucing, uced, ucer
uci, ucis, uciing, ucied, ucier
ucsf, ucsfs, ucsfing, ucsfed, ucsfer
uds, udses, udsing, udsed, udser
ues, ueses, uesing, uesed, ueser
uhc, uhcs, uhcing, uhced, uhcer
uhh, uhhs, uhhing, uhhed, uhher
uk, uks, uking, uked, uker
ultrasonogram, ultrasonograms, ultrasonogramming, ultrasonogrammed, ultrasonogramer
umm, umms, umming, ummed, ummer
un, uns, uning, uned, uner
unburp, unburps, unburping, unburped, unburper
unburpable, unburpables, unburpabling, unburpabled, unburpabler
unburped, unburpeds, unburpedding, unburpedded, unburpeder
unburpers, unburperses, unburpersing, unburpersed, unburperser
unburpies, unburpieses, unburpiesing, unburpiesed, unburpieser
unc, uncs, uncing, unced, uncer
uncarbonated, uncarbonateds, uncarbonatedding, uncarbonatedded, uncarbonateder
uncomfy, uncomfies, uncomfying, uncomfyed, uncomfyer
und, unds, unding, unded, under
undereating, undereatings, undereatinging, undereatinged, undereatinger
unisom, unisoms, unisomming, unisommed, unisomer
url, urls, urling, urled, urler
usa, usas, usaing, usaed, usaer
usb, usbs, usbing, usbed, usber
usc, uscs, uscing, usced, uscer
usd, usds, usding, usded, usder
usf, usfs, usfing, usfed, usfer
uti, utis, utiing, utied, utier
utube, utubes, utubing, utubed, utuber
uw, uws, uwing, uwed, uwer
valsalva, valsalvas, valsalvaing, valsalvaed, valsalvaer
vape, vapes, vaping, vaped, vaper
vaper, vapers, vaperring, vaperred, vaperer
vapes, vapeses, vapessing, vapessed, vapeser
vaping, vapings, vapinging, vapinged, vapinger
vaporub, vaporubs, vaporubbing, vaporubbed, vaporuber
vaso, vasos, vasoing, vasoed, vasoer
vbac, vbacs, vbaccing, vbacced, vbacer
vc, vcs, vcing, vced, vcer
ve, ves, ving, ved, ver
veel, veels, veeling, veeled, veeler
vellore, vellores, velloring, vellored, vellorer
ver, vers, verring, verred, verer
verma, vermas, vermaing, vermaed, vermaer
versa, versas, versaing, versaed, versaer
vess, vesses, vessing, vessed, vesser
vi, vis, viing, vied, vier
vid, vids, vidding, vidded, vider
videogame, videogames, videogaming, videogamed, videogamer
vids, vidses, vidsing, vidsed, vidser
villari, villaris, villariing, villaried, villarier
vlog, vlogs, vlogging, vlogged, vloger
voicebox, voiceboxes, voiceboxxing, voiceboxxed, voiceboxer
vom, voms, vomming, vommed, vomer
vomica, vomicas, vomicaing, vomicaed, vomicaer
vomiter, vomiters, vomiterring, vomiterred, vomiterer
vomiters, vomiterses, vomitersing, vomitersed, vomiterser
vomming, vommings, vomminging, vomminged, vomminger
voms, vomses, vomsing, vomsed, vomser
von, vons, vonning, vonned, voner
voor, voors, vooring, voored, voorer
votre, votres, votring, votred, votrer
vous, vouses, vousing, voused, vouser
vraiment, vraiments, vraimenting, vraimented, vraimenter
vurp, vurps, vurping, vurped, vurper
wa, was, waing, waed, waer
waaay, waaays, waaaying, waaayed, waaayer
waitlist, waitlists, waitlisting, waitlisted, waitlister
waitlists, waitlistses, waitlistsing, waitlistsed, waitlistser
wapo, wapos, wapoing, wapoed, wapoer
wasnt, wasnts, wasnting, wasnted, wasnter
wasn’t
wasserman, wassermans, wassermanning, wassermanned, wassermaner
wayyy, wayyies, wayyying, wayyyed, wayyyer
webinar, webinars, webinarring, webinarred, webinarer
weblink, weblinks, weblinking, weblinked, weblinker
webmd, webmds, webmding, webmded, webmder
weeker, weekers, weekerring, weekerred, weekerer
weeklong, weeklongs, weeklonging, weeklonged, weeklonger
weet, weets, weeting, weeted, weeter
wel, wels, welling, welled, weler
wellbeing, wellbeings, wellbeinging, wellbeinged, wellbeinger
wildcard, wildcards, wildcarding, wildcarded, wildcarder
wingo, wingos, wingoing, wingoed, wingoer
withrow, withrows, withrowwing, withrowwed, withrower
wks, wkses, wksing, wksed, wkser
woah, woahs, woahing, woahed, woaher
woft, wofts, wofting, wofted, wofter
women's
woohoo, woohoos, woohooing, woohooed, woohooer
wretching, wretchings, wretchinging, wretchinged, wretchinger
wtf, wtfs, wtfing, wtfed, wtfer
wth, wths, wthing, wthed, wther
xanax, xanaxes, xanaxxing, xanaxxed, xanaxer
xd, xds, xding, xded, xder
xray, xrays, xrayying, xrayyed, xrayer
xx, xxes, xxing, xxed, xxer
xxx, xxxes, xxxing, xxxed, xxxer
xyz, xyzes, xyzing, xyzed, xyzer
y'all
y'all's
y'know
yael, yaels, yaeling, yaeled, yaeler
yakubu, yakubus, yakubuing, yakubued, yakubuer
yall, yalls, yalling, yalled, yaller
yay, yays, yayying, yayyed, yayer
yeh, yehs, yehhing, yehhed, yeher
yess, yesses, yessing, yessed, yesser
yesss, yessses, yesssing, yesssed, yessser
yet, yets, yetting, yetted, yeter
ymmv, ymmvs, ymmving, ymmved, ymmver
yoo, yoos, yooing, yooed, yooer
yoon, yoons, yooning, yooned, yooner
you're
youre, youres, youring, youred, yourer
youtuber, youtubers, youtuberring, youtuberred, youtuberer
yr, yrs, yring, yred, yrer
yrs, yrses, yrsing, yrsed, yrser
zantac, zantacs, zantaccing, zantacced, zantacer
ze, zes, zing, zed, zer
zenker, zenkers, zenkerring, zenkerred, zenkerer
zhao, zhaos, zhaoing, zhaoed, zhaoer
zijn, zijns, zijning, zijned, zijner
ziylan, ziylans, ziylanning, ziylanned, ziylaner
zo, zos, zoing, zoed, zoer
zoolander, zoolanders, zoolanderring, zoolanderred, zoolanderer
zu, zus, zuing, zued, zuer
